outcome	history	path	Freq
annual	0	00000	8
annual	1	00000	0
annual	0	10000	5
annual	1	10000	1
annual	0	01000	2
annual	1	01000	1
annual	0	11000	3
annual	1	11000	1
annual	0	00100	9
annual	1	00100	1
annual	0	10100	1
annual	1	10100	0
annual	0	01100	3
annual	1	01100	2
annual	0	11100	2
annual	1	11100	0
annual	0	00010	14
annual	1	00010	2
annual	0	10010	1
annual	1	10010	0
annual	0	01010	4
annual	1	01010	1
annual	0	11010	2
annual	1	11010	0
annual	0	00110	7
annual	1	00110	4
annual	0	10110	5
annual	1	10110	1
annual	0	01110	4
annual	1	01110	1
annual	0	11110	4
annual	1	11110	2
annual	0	00001	21
annual	1	00001	5
annual	0	10001	3
annual	1	10001	2
annual	0	01001	6
annual	1	01001	0
annual	0	11001	4
annual	1	11001	0
annual	0	00101	5
annual	1	00101	4
annual	0	10101	3
annual	1	10101	0
annual	0	01101	4
annual	1	01101	1
annual	0	11101	11
annual	1	11101	2
annual	0	00011	20
annual	1	00011	2
annual	0	10011	6
annual	1	10011	0
annual	0	01011	14
annual	1	01011	4
annual	0	11011	19
annual	1	11011	1
annual	0	00111	9
annual	1	00111	8
annual	0	10111	12
annual	1	10111	2
annual	0	01111	29
annual	1	01111	21
annual	0	11111	330
annual	1	11111	234
cumulative	0	11111	411
cumulative	1	11111	246
cumulative	0	01111	66
cumulative	1	01111	31
cumulative	0	00111	30
cumulative	1	00111	17
cumulative	0	00011	34
cumulative	1	00011	4
cumulative	0	00001	21
cumulative	1	00001	5
cumulative	0	00000	8
cumulative	1	00000	0
