outcome	group	year	adjusted	crude	train_n	objective	iterations	normalized_gradient
annual	0	2021	0.727463063677719	0.721052631578948	570	244.85531505302	7	7.54496124447064e-14
annual	0	2022	0.780762987142201	0.773684210526316	570	233.307260146404	7	9.37795625755412e-13
annual	0	2023	0.773220422734278	0.768421052631579	570	249.455619006898	7	5.68495056098465e-15
annual	0	2024	0.844923906820175	0.842105263157895	570	201.950131767613	8	2.31783403386656e-17
annual	0	2025	0.871588701912201	0.870175438596491	570	180.779613981513	8	1.12775286185608e-16
annual	1	2021	0.800470200062345	0.811881188118812	303	114.295038636962	7	1.15919604315158e-14
annual	1	2022	0.882127232888617	0.894389438943894	303	80.3130659369086	7	3.99935233445355e-11
annual	1	2023	0.922542556438525	0.933993399339934	303	61.2167427086629	8	6.20836348960148e-17
annual	1	2024	0.926577820208414	0.933993399339934	303	59.1952846870895	8	3.50104983508032e-15
annual	1	2025	0.941776750046469	0.943894389438944	303	56.9327021010165	8	1.6791894241056e-17
cumulative	0	2021	0.727463063677719	0.721052631578948	570	244.85531505302	7	7.54496124447064e-14
cumulative	0	2022	0.841253354899803	0.836842105263158	159	98.4921493568921	4	4.07396548362244e-12
cumulative	0	2023	0.891667707862713	0.889473684210526	93	56.8821285132555	4	5.84527647312351e-13
cumulative	0	2024	0.95028552724657	0.949122807017544	63	42.4642587635092	4	6.16790569236198e-17
cumulative	0	2025	0.986077303490795	0.985964912280702	29	16.6899983158062	4	7.95149386947052e-15
cumulative	1	2021	0.800470200062345	0.811881188118812	303	114.295038636962	7	1.15919604315158e-14
cumulative	1	2022	0.90644950168719	0.914191419141914	57	36.4989733864518	4	2.04383099138907e-12
cumulative	1	2023	0.967052594286205	0.97029702970297	26	16.3358250881651	4	2.41260003428159e-16
cumulative	1	2024	0.981730045437543	0.983498349834983	9	5.72273325260788	3	1.25350224027759e-11
cumulative	1	2025	0.99906783128792	1	5	0.594564539486905	6	1.16573417585641e-16
